<beans xmlns="http://www.springframework.org/schema/beans"
	xmlns:xsi="http://www.w3.org/2001/XMLSchema-instance"
	xsi:schemaLocation="http://www.springframework.org/schema/beans
http://www.springframework.org/schema/beans/spring-beans-4.0.xsd">

	<bean id="custObj" class="com.spring.app.Customer">
		<constructor-arg type="int" value="101"></constructor-arg>
		<constructor-arg value="ABC"></constructor-arg>
		<constructor-arg value="abc@yahoo.com"></constructor-arg>
		<constructor-arg value="12345678"></constructor-arg>
	</bean>
	<bean id="memberObj" class="com.spring.app.MemberShip">
		<constructor-arg type="int" value="1"/>
		<constructor-arg value="Premium"/>
		<constructor-arg type="int" value="100"/>
		<constructor-arg ref="custObj"/>
	</bean>

</beans>